id;data_inversa;dia_semana;horario;uf;br;km;municipio;causa_acidente;tipo_acidente;classificacao_acidente;fase_dia;sentido_via;condicao_metereologica;tipo_pista;tracado_via;uso_solo;pessoas;veiculos
485735;2022-11-09;quarta-feira;15:15:00;SP;116;223.0;GUARULHOS;Ingestão de álcool pelo condutor;Colisão traseira;Sem Vítimas;Pleno dia;Crescente;Céu Claro;Múltipla;Reta;Sim;2;2
485795;2022-11-09;quarta-feira;21:00:00;SP;116;180.0;GUARAREMA;Reação tardia ou ineficiente do condutor;Colisão traseira;Sem Vítimas;Plena Noite;Crescente;Céu Claro;Múltipla;Reta;Não;3;2
485811;2022-11-09;quarta-feira;22:29:00;SP;116;219.6;GUARULHOS;Acessar a via sem observar a presença dos outros veículos;Colisão lateral mesmo sentido;Com Vítimas Fatais;Plena Noite;Decrescente;Céu Claro;Múltipla;Reta;Sim;2;2
486021;2022-11-11;sexta-feira;07:30:00;SP;116;229.0;SAO PAULO;Manobra de mudança de faixa;Colisão lateral mesmo sentido;Com Vítimas Feridas;Pleno dia;Crescente;Sol;Múltipla;Reta;Sim;3;3
486099;2022-11-11;sexta-feira;14:15:00;SP;116;221.8;GUARULHOS;Problema com o freio;Colisão com objeto;Sem Vítimas;Pleno dia;Crescente;Chuva;Múltipla;Reta;Sim;1;1
486238;2022-11-12;sábado;06:00:00;SP;116;165.0;JACAREI;Condutor deixou de manter distância do veículo da frente;Engavetamento;Com Vítimas Feridas;Pleno dia;Decrescente;Céu Claro;Dupla;Reta;Sim;4;3
486292;2022-11-12;sábado;12:40:00;SP;116;217.0;GUARULHOS;Reação tardia ou ineficiente do condutor;Colisão traseira;Sem Vítimas;Pleno dia;Crescente;Céu Claro;Múltipla;Reta;Sim;1;1
486309;2022-11-12;sábado;14:00:00;SP;116;216.0;GUARULHOS;Demais falhas mecânicas ou elétricas;Colisão com objeto;Com Vítimas Feridas;Pleno dia;Decrescente;Céu Claro;Múltipla;Reta;Sim;3;2
486377;2022-11-12;sábado;19:00:00;SP;116;109.0;TAUBATE;Ausência de reação do condutor;Colisão traseira;Com Vítimas Feridas;Plena Noite;Decrescente;Céu Claro;Dupla;Reta;Não;3;2
486396;2022-11-12;sábado;20:50:00;SP;116;148.0;SAO JOSE DOS CAMPOS;Ausência de reação do condutor;Colisão com objeto;Com Vítimas Feridas;Plena Noite;Crescente;Céu Claro;Dupla;Reta;Sim;2;2
487142;2022-11-16;quarta-feira;00:15:00;SP;116;204.5;ARUJA;Reação tardia ou ineficiente do condutor;Colisão traseira;Com Vítimas Feridas;Plena Noite;Decrescente;Céu Claro;Múltipla;Reta;Não;2;2
487227;2022-11-16;quarta-feira;13:30:00;SP;116;110.0;TAUBATE;Manobra de mudança de faixa;Colisão lateral mesmo sentido;Sem Vítimas;Pleno dia;Decrescente;Céu Claro;Simples;Reta;Sim;3;2
487407;2022-11-17;quinta-feira;12:55:00;SP;116;111.0;TAUBATE;Manobra de mudança de faixa;Colisão traseira;Sem Vítimas;Pleno dia;Decrescente;Céu Claro;Dupla;Reta;Não;3;2
487648;2022-11-18;sexta-feira;16:00:00;SP;116;220.8;GUARULHOS;Manobra de mudança de faixa;Queda de ocupante de veículo;Com Vítimas Feridas;Pleno dia;Crescente;Céu Claro;Múltipla;Reta;Sim;2;2
487918;2022-11-19;sábado;21:30:00;SP;116;153.0;SAO JOSE DOS CAMPOS;Ausência de reação do condutor;Colisão lateral mesmo sentido;Sem Vítimas;Plena Noite;Crescente;Céu Claro;Dupla;Não Informado;Sim;2;2
488341;2022-11-21;segunda-feira;22:00:00;SP;116;204.0;ARUJA;Objeto estático sobre o leito carroçável;Colisão com objeto;Com Vítimas Feridas;Plena Noite;Crescente;Céu Claro;Dupla;Reta;Sim;2;2
488426;2022-11-22;terça-feira;11:40:00;SP;116;215.0;GUARULHOS;Objeto estático sobre o leito carroçável;Derramamento de carga;Com Vítimas Feridas;Pleno dia;Decrescente;Céu Claro;Múltipla;Reta;Sim;3;3
488599;2022-11-25;sexta-feira;23:40:00;SP;116;158.6;JACAREI;Ausência de reação do condutor;Colisão traseira;Com Vítimas Feridas;Plena Noite;Decrescente;Nublado;Dupla;Reta;Sim;2;2
488855;2022-11-26;sábado;16:25:00;SP;116;215.0;GUARULHOS;Reação tardia ou ineficiente do condutor;Colisão traseira;Com Vítimas Fatais;Pleno dia;Decrescente;Nublado;Múltipla;Reta;Não;13;2
489069;2022-11-23;quarta-feira;16:30:00;SP;116;210.0;GUARULHOS;Ausência de reação do condutor;Colisão traseira;Com Vítimas Feridas;Pleno dia;Crescente;Garoa/Chuvisco;Múltipla;Reta;Sim;7;6
489282;2022-11-28;segunda-feira;06:42:00;SP;116;193.0;ARUJA;Falta de elemento de contenção que evite a saída do leito carroçável;Saída de leito carroçável;Com Vítimas Feridas;Pleno dia;Decrescente;Chuva;Dupla;Reta;Não;1;1
489397;2022-11-28;segunda-feira;12:30:00;SP;116;224.0;GUARULHOS;Ingestão de álcool pelo condutor;Colisão lateral mesmo sentido;Com Vítimas Feridas;Pleno dia;Crescente;Nublado;Múltipla;Reta;Sim;6;4
489418;2022-11-28;segunda-feira;12:00:00;SP;116;165.4;JACAREI;Manobra de mudança de faixa;Saída de leito carroçável;Com Vítimas Feridas;Pleno dia;Crescente;Nublado;Dupla;Não Informado;Não;2;2
489546;2022-11-29;terça-feira;04:00:00;SP;116;109.0;TAUBATE;Pedestre andava na pista;Atropelamento de Pedestre;Com Vítimas Fatais;Plena Noite;Crescente;Céu Claro;Dupla;Reta;Sim;2;1
489914;2022-11-30;quarta-feira;18:42:00;SP;116;112.0;TAUBATE;Demais falhas mecânicas ou elétricas;Incêndio;Sem Vítimas;Plena Noite;Crescente;Chuva;Dupla;Reta;Sim;1;1
489980;2022-12-01;quinta-feira;07:41:00;SP;116;109.7;TAUBATE;Condutor deixou de manter distância do veículo da frente;Colisão traseira;Com Vítimas Feridas;Pleno dia;Decrescente;Nublado;Dupla;Reta;Sim;4;3
489995;2022-11-18;sexta-feira;07:30:00;SP;116;205.0;ARUJA;Reação tardia ou ineficiente do condutor;Colisão traseira;Com Vítimas Feridas;Pleno dia;Crescente;Céu Claro;Múltipla;Reta;Sim;4;2
490130;2022-12-01;quinta-feira;19:30:00;SP;116;212.0;GUARULHOS;Ausência de reação do condutor;Engavetamento;Com Vítimas Feridas;Plena Noite;Crescente;Céu Claro;Dupla;Reta;Sim;6;6
490436;2022-12-03;sábado;02:30:00;SP;116;210.0;GUARULHOS;Ausência de reação do condutor;Colisão traseira;Com Vítimas Feridas;Plena Noite;Crescente;Vento;Múltipla;Não Informado;Sim;2;2
491144;2022-12-06;terça-feira;14:40:00;SP;116;178.0;SANTA ISABEL;Reação tardia ou ineficiente do condutor;Colisão lateral mesmo sentido;Com Vítimas Feridas;Pleno dia;Crescente;Nublado;Dupla;Desvio Temporário;Sim;6;6
491754;2022-12-09;sexta-feira;16:15:00;SP;116;210.0;GUARULHOS;Acessar a via sem observar a presença dos outros veículos;Colisão lateral mesmo sentido;Sem Vítimas;Pleno dia;Crescente;Céu Claro;Múltipla;Reta;Sim;2;2
492062;2022-12-11;domingo;00:37:00;SP;116;145.0;SAO JOSE DOS CAMPOS;Entrada inopinada do pedestre;Atropelamento de Pedestre;Com Vítimas Fatais;Plena Noite;Decrescente;Céu Claro;Múltipla;Reta;Sim;2;1
492125;2022-12-11;domingo;08:30:00;SP;116;140.0;SAO JOSE DOS CAMPOS;Demais falhas mecânicas ou elétricas;Incêndio;Sem Vítimas;Pleno dia;Decrescente;Céu Claro;Múltipla;Reta;Sim;1;1
492557;2022-12-13;terça-feira;08:20:00;SP;116;193.0;ARUJA;Acumulo de água sobre o pavimento;Colisão com objeto;Sem Vítimas;Pleno dia;Crescente;Chuva;Múltipla;Reta;Não;2;2
492619;2022-12-13;terça-feira;17:30:00;SP;116;155.0;SAO JOSE DOS CAMPOS;Ausência de reação do condutor;Colisão traseira;Com Vítimas Feridas;Pleno dia;Decrescente;Nublado;Dupla;Reta;Sim;3;2
492788;2022-12-14;quarta-feira;16:30:00;SP;116;227.0;GUARULHOS;Manobra de mudança de faixa;Colisão lateral mesmo sentido;Sem Vítimas;Pleno dia;Decrescente;Céu Claro;Múltipla;Curva;Sim;4;2
492791;2022-12-14;quarta-feira;17:50:00;SP;116;161.0;JACAREI;Reação tardia ou ineficiente do condutor;Engavetamento;Com Vítimas Feridas;Anoitecer;Decrescente;Céu Claro;Múltipla;Reta;Sim;6;5
492866;2022-12-15;quinta-feira;04:00:00;SP;116;145.0;SAO JOSE DOS CAMPOS;Ausência de reação do condutor;Colisão traseira;Com Vítimas Feridas;Amanhecer;Crescente;Céu Claro;Dupla;Não Informado;Não;2;2
493132;2022-12-11;domingo;11:50:00;SP;116;197.0;ARUJA;Reação tardia ou ineficiente do condutor;Colisão traseira;Com Vítimas Feridas;Pleno dia;Decrescente;Céu Claro;Dupla;Reta;Sim;3;2
493353;2022-12-17;sábado;08:10:00;SP;116;138.0;SAO JOSE DOS CAMPOS;Velocidade Incompatível;Colisão traseira;Sem Vítimas;Pleno dia;Decrescente;Sol;Dupla;Reta;Não;4;4
493525;2022-12-17;sábado;23:30:00;SP;116;126.5;CACAPAVA;Pedestre cruzava a pista fora da faixa;Atropelamento de Pedestre;Com Vítimas Fatais;Plena Noite;Crescente;Céu Claro;Dupla;Reta;Não;8;3
493935;2022-12-19;segunda-feira;21:20:00;SP;116;99.0;PINDAMONHANGABA;Trafegar com motocicleta (ou similar) entre as faixas;Tombamento;Com Vítimas Feridas;Plena Noite;Crescente;Chuva;Dupla;Reta;Não;3;2
493999;2022-12-20;terça-feira;13:20:00;SP;116;125.1;CACAPAVA;Acessar a via sem observar a presença dos outros veículos;Colisão lateral mesmo sentido;Com Vítimas Feridas;Pleno dia;Crescente;Nublado;Dupla;Reta;Não;5;3
494638;2022-12-23;sexta-feira;07:40:00;SP;116;161.0;SAO JOSE DOS CAMPOS;Reação tardia ou ineficiente do condutor;Colisão traseira;Com Vítimas Feridas;Pleno dia;Decrescente;Céu Claro;Dupla;Reta;Sim;4;2
494757;2022-12-23;sexta-feira;13:54:00;SP;116;126.6;CACAPAVA;Ausência de reação do condutor;Colisão traseira;Com Vítimas Feridas;Pleno dia;Decrescente;Sol;Dupla;Não Informado;Sim;3;2
494814;2022-12-02;sexta-feira;11:10:00;SP;116;216.0;GUARULHOS;Condutor deixou de manter distância do veículo da frente;Colisão traseira;Com Vítimas Feridas;Pleno dia;Decrescente;Nublado;Simples;Reta;Não;3;2
495395;2022-12-26;segunda-feira;10:00:00;SP;116;165.0;JACAREI;Trafegar com motocicleta (ou similar) entre as faixas;Colisão lateral mesmo sentido;Com Vítimas Feridas;Pleno dia;Decrescente;Chuva;Dupla;Reta;Não;2;2
495423;2022-12-26;segunda-feira;13:15:00;SP;116;124.0;CACAPAVA;Condutor deixou de manter distância do veículo da frente;Colisão traseira;Com Vítimas Feridas;Pleno dia;Decrescente;Chuva;Dupla;Reta;Não;3;3
495684;2022-12-27;terça-feira;18:10:00;SP;116;99.4;PINDAMONHANGABA;Condutor deixou de manter distância do veículo da frente;Engavetamento;Com Vítimas Feridas;Pleno dia;Crescente;Nublado;Dupla;Não Informado;Não;6;3
495837;2022-12-28;quarta-feira;14:00:00;SP;116;197.0;ARUJA;Reação tardia ou ineficiente do condutor;Colisão traseira;Com Vítimas Feridas;Pleno dia;Crescente;Céu Claro;Dupla;Reta;Não;3;2
495886;2022-12-28;quarta-feira;19:30:00;SP;116;214.0;GUARULHOS;Ingestão de álcool pelo condutor;Colisão traseira;Sem Vítimas;Plena Noite;Crescente;Garoa/Chuvisco;Múltipla;Reta;Sim;2;2
495901;2022-12-28;quarta-feira;21:30:00;SP;116;211.0;GUARULHOS;Ingestão de álcool pelo condutor;Engavetamento;Com Vítimas Feridas;Plena Noite;Crescente;Chuva;Múltipla;Desvio Temporário;Sim;14;12
502142;2022-12-09;sexta-feira;21:00:00;SP;116;109.0;TAUBATE;Acesso irregular;Atropelamento de Pedestre;Com Vítimas Feridas;Plena Noite;Decrescente;Céu Claro;Dupla;Reta;Sim;2;1
508021;2022-10-04;terça-feira;19:05:00;SP;116;225.0;GUARULHOS;Demais falhas mecânicas ou elétricas;Queda de ocupante de veículo;Com Vítimas Feridas;Plena Noite;Decrescente;Céu Claro;Múltipla;Reta;Sim;2;2
487680;2022-11-18;sexta-feira;18:30:00;SP;116;228.0;SAO PAULO;Condutor deixou de manter distância do veículo da frente;Colisão lateral mesmo sentido;Com Vítimas Feridas;Plena Noite;Decrescente;Céu Claro;Dupla;Reta;Sim;2;2
405169;2022-01-01;sábado;04:15:00;SP;116;141.0;SAO JOSE DOS CAMPOS;Ingestão de álcool pelo condutor;Colisão transversal;Sem Vítimas;Amanhecer;Decrescente;Céu Claro;Simples;Reta;Não;2;2
405326;2022-01-02;domingo;00:50:00;SP;116;214.8;GUARULHOS;Condutor deixou de manter distância do veículo da frente;Colisão traseira;Com Vítimas Feridas;Plena Noite;Crescente;Céu Claro;Múltipla;Reta;Sim;2;2
405418;2022-01-02;domingo;13:40:00;SP;116;104.0;TAUBATE;Avarias e/ou desgaste excessivo no pneu;Colisão lateral mesmo sentido;Sem Vítimas;Pleno dia;Decrescente;Nublado;Dupla;Reta;Não;2;2
405429;2022-01-02;domingo;14:00:00;SP;116;216.0;GUARULHOS;Velocidade Incompatível;Colisão traseira;Com Vítimas Feridas;Pleno dia;Crescente;Nublado;Múltipla;Reta;Não;3;2
405488;2022-01-02;domingo;14:45:00;SP;116;103.8;TAUBATE;Ausência de reação do condutor;Colisão traseira;Com Vítimas Feridas;Pleno dia;Crescente;Nublado;Múltipla;Reta;Não;2;2
405505;2022-01-02;domingo;19:30:00;SP;116;226.0;GUARULHOS;Pedestre andava na pista;Atropelamento de Pedestre;Com Vítimas Fatais;Plena Noite;Crescente;Nublado;Múltipla;Não Informado;Sim;2;1
405768;2022-01-03;segunda-feira;18:00:00;SP;116;132.9;CACAPAVA;Pedestre cruzava a pista fora da faixa;Atropelamento de Pedestre;Com Vítimas Feridas;Pleno dia;Crescente;Nublado;Dupla;Reta;Sim;2;1
406035;2022-01-05;quarta-feira;10:20:00;SP;116;229.0;SAO PAULO;Ausência de reação do condutor;Colisão lateral mesmo sentido;Sem Vítimas;Pleno dia;Crescente;Céu Claro;Múltipla;Reta;Sim;2;2
406154;2022-01-05;quarta-feira;20:30:00;SP;116;222.0;GUARULHOS;Ausência de reação do condutor;Colisão com objeto;Sem Vítimas;Plena Noite;Decrescente;Chuva;Dupla;Reta;Sim;1;1
406189;2022-01-06;quinta-feira;04:00:00;SP;116;216.0;GUARULHOS;Condutor deixou de manter distância do veículo da frente;Colisão traseira;Sem Vítimas;Plena Noite;Decrescente;Céu Claro;Múltipla;Reta;Sim;4;2
407111;2022-01-06;quinta-feira;17:50:00;SP;116;151.0;SAO JOSE DOS CAMPOS;Demais falhas mecânicas ou elétricas;Tombamento;Com Vítimas Feridas;Anoitecer;Decrescente;Chuva;Dupla;Reta;Não;1;1
407283;2022-01-07;sexta-feira;16:00:00;SP;116;180.0;GUARAREMA;Velocidade Incompatível;Colisão com objeto;Com Vítimas Feridas;Pleno dia;Crescente;Nublado;Simples;Reta;Não;1;1
407366;2022-01-07;sexta-feira;21:20:00;SP;116;165.0;JACAREI;Demais falhas mecânicas ou elétricas;Queda de ocupante de veículo;Com Vítimas Feridas;Plena Noite;Decrescente;Nublado;Múltipla;Desvio Temporário;Não;2;1
407376;2022-01-07;sexta-feira;22:40:00;SP;116;129.0;CACAPAVA;Manobra de mudança de faixa;Capotamento;Com Vítimas Feridas;Plena Noite;Decrescente;Céu Claro;Dupla;Reta;Sim;1;1
407562;2022-01-08;sábado;20:20:00;SP;116;209.0;GUARULHOS;Demais falhas mecânicas ou elétricas;Colisão transversal;Com Vítimas Feridas;Plena Noite;Decrescente;Ignorado;Múltipla;Reta;Sim;3;2
407601;2022-01-09;domingo;02:00:00;SP;116;228.0;SAO PAULO;Estacionar ou parar em local proibido;Colisão traseira;Com Vítimas Feridas;Plena Noite;Crescente;Chuva;Múltipla;Reta;Sim;2;2
407666;2022-01-09;domingo;09:50:00;SP;116;227.0;GUARULHOS;Reação tardia ou ineficiente do condutor;Capotamento;Com Vítimas Feridas;Pleno dia;Decrescente;Garoa/Chuvisco;Múltipla;Reta;Sim;2;1
407911;2022-01-10;segunda-feira;10:00:00;SP;116;194.0;SANTA ISABEL;Demais falhas mecânicas ou elétricas;Incêndio;Sem Vítimas;Pleno dia;Decrescente;Nublado;Dupla;Retorno Regulamentado;Não;2;1
407952;2022-01-10;segunda-feira;15:00:00;SP;116;225.5;GUARULHOS;Ausência de reação do condutor;Colisão traseira;Com Vítimas Feridas;Pleno dia;Crescente;Nublado;Múltipla;Reta;Não;2;2
408300;2022-01-12;quarta-feira;21:40:00;SP;116;165.0;JACAREI;Objeto estático sobre o leito carroçável;Colisão com objeto;Sem Vítimas;Plena Noite;Decrescente;Nublado;Dupla;Reta;Sim;1;1
408339;2022-01-13;quinta-feira;07:45:00;SP;116;115.0;TAUBATE;Avarias e/ou desgaste excessivo no pneu;Queda de ocupante de veículo;Com Vítimas Feridas;Pleno dia;Crescente;Nublado;Dupla;Reta;Sim;2;1
408385;2022-01-13;quinta-feira;12:55:00;SP;116;214.0;GUARULHOS;Acesso irregular;Colisão lateral mesmo sentido;Com Vítimas Feridas;Pleno dia;Crescente;Nublado;Múltipla;Não Informado;Sim;2;2
408494;2022-01-14;sexta-feira;04:30:00;SP;116;218.5;GUARULHOS;Estacionar ou parar em local proibido;Colisão lateral mesmo sentido;Com Vítimas Feridas;Plena Noite;Decrescente;Nublado;Simples;Reta;Sim;2;2
408617;2022-01-14;sexta-feira;17:30:00;SP;116;129.4;CACAPAVA;Demais Fenômenos da natureza;Eventos atípicos;Com Vítimas Fatais;Pleno dia;Decrescente;Chuva;Dupla;Reta;Não;3;1
408683;2022-01-14;sexta-feira;22:10:00;SP;116;225.0;GUARULHOS;Acessar a via sem observar a presença dos outros veículos;Colisão lateral mesmo sentido;Com Vítimas Feridas;Plena Noite;Crescente;Nublado;Múltipla;Reta;Sim;2;2
408720;2022-01-15;sábado;01:30:00;SP;116;145.0;SAO JOSE DOS CAMPOS;Condutor deixou de manter distância do veículo da frente;Colisão traseira;Com Vítimas Feridas;Plena Noite;Crescente;Nublado;Dupla;Reta;Sim;7;4
408732;2022-01-15;sábado;05:40:00;SP;116;157.0;SAO JOSE DOS CAMPOS;Objeto estático sobre o leito carroçável;Tombamento;Com Vítimas Feridas;Amanhecer;Crescente;Nublado;Dupla;Desvio Temporário;Sim;1;1
408811;2022-01-15;sábado;15:20:00;SP;116;214.0;GUARULHOS;Manobra de mudança de faixa;Colisão lateral mesmo sentido;Com Vítimas Feridas;Pleno dia;Crescente;Nublado;Múltipla;Reta;Sim;2;2
408856;2022-01-15;sábado;19:10:00;SP;116;132.0;CACAPAVA;Pedestre cruzava a pista fora da faixa;Atropelamento de Pedestre;Com Vítimas Feridas;Anoitecer;Crescente;Céu Claro;Dupla;Reta;Sim;2;1
408912;2022-01-16;domingo;02:10:00;SP;116;215.0;GUARULHOS;Ausência de reação do condutor;Colisão com objeto;Com Vítimas Feridas;Plena Noite;Crescente;Céu Claro;Múltipla;Reta;Sim;2;2
408923;2022-01-16;domingo;03:30:00;SP;116;151.9;SAO JOSE DOS CAMPOS;Velocidade Incompatível;Colisão com objeto;Com Vítimas Feridas;Plena Noite;Crescente;Céu Claro;Múltipla;Reta;Sim;2;1
408940;2022-01-16;domingo;06:20:00;SP;116;214.5;GUARULHOS;Reação tardia ou ineficiente do condutor;Colisão com objeto;Com Vítimas Feridas;Amanhecer;Decrescente;Céu Claro;Múltipla;Não Informado;Sim;1;1
408979;2022-01-16;domingo;10:50:00;SP;116;226.5;GUARULHOS;Avarias e/ou desgaste excessivo no pneu;Saída de leito carroçável;Com Vítimas Feridas;Pleno dia;Crescente;Céu Claro;Simples;Curva;Sim;2;1
409031;2022-01-16;domingo;16:30:00;SP;116;214.0;GUARULHOS;Pista Escorregadia;Colisão com objeto;Com Vítimas Feridas;Pleno dia;Decrescente;Chuva;Múltipla;Reta;Sim;4;1
409040;2022-01-16;domingo;17:40:00;SP;116;185.0;SANTA ISABEL;Ingestão de álcool e/ou substâncias psicoativas pelo pedestre;Colisão traseira;Com Vítimas Feridas;Pleno dia;Crescente;Nublado;Dupla;Reta;Não;2;2
409170;2022-01-16;domingo;21:30:00;SP;116;132.5;CACAPAVA;Demais falhas mecânicas ou elétricas;Incêndio;Sem Vítimas;Plena Noite;Decrescente;Nublado;Dupla;Reta;Não;1;1
409385;2022-01-17;segunda-feira;06:45:00;SP;116;151.9;SAO JOSE DOS CAMPOS;Mal súbito do condutor;Colisão com objeto;Sem Vítimas;Pleno dia;Crescente;Céu Claro;Dupla;Reta;Sim;1;1
409445;2022-01-17;segunda-feira;14:25:00;SP;116;189.4;SANTA ISABEL;Avarias e/ou desgaste excessivo no pneu;Tombamento;Com Vítimas Feridas;Pleno dia;Crescente;Céu Claro;Múltipla;Reta;Não;1;1
409458;2022-01-17;segunda-feira;15:35:00;SP;116;214.0;GUARULHOS;Manobra de mudança de faixa;Colisão traseira;Com Vítimas Feridas;Pleno dia;Decrescente;Céu Claro;Múltipla;Reta;Sim;4;3
409509;2022-01-17;segunda-feira;17:45:00;SP;116;156.0;SAO JOSE DOS CAMPOS;Reação tardia ou ineficiente do condutor;Colisão traseira;Com Vítimas Feridas;Anoitecer;Decrescente;Céu Claro;Dupla;Reta;Sim;2;2
409531;2022-01-17;segunda-feira;18:48:00;SP;116;155.3;SAO JOSE DOS CAMPOS;Ingestão de álcool pelo condutor;Colisão lateral mesmo sentido;Com Vítimas Feridas;Anoitecer;Crescente;Céu Claro;Dupla;Reta;Não;4;2
409543;2022-01-17;segunda-feira;20:30:00;SP;116;225.0;GUARULHOS;Ausência de reação do condutor;Colisão traseira;Com Vítimas Feridas;Plena Noite;Decrescente;Céu Claro;Múltipla;Reta;Não;3;2
409661;2022-01-18;terça-feira;12:30:00;SP;116;221.0;GUARULHOS;Condutor deixou de manter distância do veículo da frente;Colisão traseira;Com Vítimas Feridas;Pleno dia;Decrescente;Sol;Múltipla;Reta;Não;2;2
409720;2022-01-18;terça-feira;15:30:00;SP;116;147.9;SAO JOSE DOS CAMPOS;Condutor deixou de manter distância do veículo da frente;Tombamento;Com Vítimas Feridas;Pleno dia;Crescente;Nublado;Múltipla;Reta;Sim;2;1
409746;2022-01-18;terça-feira;18:30:00;SP;116;216.0;GUARULHOS;Trafegar com motocicleta (ou similar) entre as faixas;Colisão lateral mesmo sentido;Com Vítimas Feridas;Anoitecer;Crescente;Garoa/Chuvisco;Múltipla;Desvio Temporário;Sim;2;2
409940;2022-01-19;quarta-feira;22:20:00;SP;116;210.0;GUARULHOS;Trafegar com motocicleta (ou similar) entre as faixas;Colisão lateral mesmo sentido;Com Vítimas Feridas;Pleno dia;Decrescente;Céu Claro;Múltipla;Reta;Sim;3;2
409965;2022-01-20;quinta-feira;06:00:00;SP;116;216.0;GUARULHOS;Trafegar com motocicleta (ou similar) entre as faixas;Colisão traseira;Com Vítimas Feridas;Pleno dia;Crescente;Céu Claro;Múltipla;Reta;Sim;3;3
409974;2022-01-20;quinta-feira;06:20:00;SP;116;100.6;PINDAMONHANGABA;Mal súbito do condutor;Colisão lateral mesmo sentido;Com Vítimas Feridas;Amanhecer;Decrescente;Sol;Dupla;Reta;Não;3;2
410010;2022-01-20;quinta-feira;11:45:00;SP;116;145.2;SAO JOSE DOS CAMPOS;Condutor deixou de manter distância do veículo da frente;Colisão traseira;Com Vítimas Feridas;Pleno dia;Decrescente;Céu Claro;Dupla;Reta;Sim;2;2
410058;2022-01-20;quinta-feira;16:10:00;SP;116;206.3;GUARULHOS;Transitar na contramão;Colisão frontal;Com Vítimas Feridas;Pleno dia;Crescente;Chuva;Múltipla;Reta;Sim;2;2
410183;2022-01-21;sexta-feira;09:40:00;SP;116;214.0;GUARULHOS;Ausência de reação do condutor;Tombamento;Com Vítimas Feridas;Pleno dia;Crescente;Céu Claro;Múltipla;Não Informado;Sim;1;1
410191;2022-01-21;sexta-feira;11:30:00;SP;116;146.0;SAO JOSE DOS CAMPOS;Manobra de mudança de faixa;Colisão lateral mesmo sentido;Com Vítimas Feridas;Pleno dia;Crescente;Céu Claro;Dupla;Não Informado;Sim;4;3
410323;2022-01-22;sábado;02:20:00;SP;116;215.0;GUARULHOS;Manobra de mudança de faixa;Queda de ocupante de veículo;Com Vítimas Feridas;Plena Noite;Crescente;Nublado;Múltipla;Reta;Sim;2;1
410326;2022-01-22;sábado;03:30:00;SP;116;224.1;GUARULHOS;Reação tardia ou ineficiente do condutor;Colisão com objeto;Com Vítimas Feridas;Amanhecer;Decrescente;Céu Claro;Múltipla;Reta;Sim;1;1
410392;2022-01-22;sábado;11:30:00;SP;116;146.0;SAO JOSE DOS CAMPOS;Trafegar com motocicleta (ou similar) entre as faixas;Tombamento;Com Vítimas Feridas;Pleno dia;Decrescente;Céu Claro;Dupla;Reta;Não;2;2
410471;2022-01-22;sábado;18:30:00;SP;116;225.0;GUARULHOS;Trafegar com motocicleta (ou similar) entre as faixas;Colisão lateral mesmo sentido;Com Vítimas Feridas;Anoitecer;Crescente;Nublado;Múltipla;Não Informado;Não;3;2
410655;2022-01-23;domingo;15:44:00;SP;116;222.0;GUARULHOS;Ultrapassagem Indevida;Colisão com objeto;Com Vítimas Feridas;Pleno dia;Crescente;Céu Claro;Múltipla;Reta;Sim;4;3
410668;2022-01-23;domingo;14:30:00;SP;116;115.8;TAUBATE;Reação tardia ou ineficiente do condutor;Colisão traseira;Com Vítimas Fatais;Pleno dia;Crescente;Céu Claro;Dupla;Reta;Sim;3;3
410721;2022-01-23;domingo;18:50:00;SP;116;136.0;SAO JOSE DOS CAMPOS;Demais falhas mecânicas ou elétricas;Incêndio;Sem Vítimas;Plena Noite;Decrescente;Céu Claro;Dupla;Reta;Sim;1;1
410730;2022-01-23;domingo;20:30:00;SP;116;169.0;JACAREI;Pedestre cruzava a pista fora da faixa;Atropelamento de Pedestre;Com Vítimas Feridas;Plena Noite;Decrescente;Céu Claro;Dupla;Curva;Não;2;1
410850;2022-01-24;segunda-feira;10:00:00;SP;116;165.0;JACAREI;Reação tardia ou ineficiente do condutor;Queda de ocupante de veículo;Sem Vítimas;Pleno dia;Crescente;Céu Claro;Dupla;Reta;Sim;1;1
410920;2022-01-24;segunda-feira;17:10:00;SP;116;133.9;CACAPAVA;Reação tardia ou ineficiente do condutor;Colisão traseira;Com Vítimas Feridas;Pleno dia;Crescente;Nublado;Dupla;Reta;Não;2;2
410962;2022-01-24;segunda-feira;23:10:00;SP;116;228.0;SAO PAULO;Acumulo de areia ou detritos sobre o pavimento;Tombamento;Com Vítimas Feridas;Plena Noite;Decrescente;Ignorado;Múltipla;Reta;Sim;4;3
411081;2022-01-25;terça-feira;14:40:00;SP;116;222.4;GUARULHOS;Trafegar com motocicleta (ou similar) entre as faixas;Colisão lateral mesmo sentido;Com Vítimas Feridas;Pleno dia;Decrescente;Céu Claro;Múltipla;Reta;Não;2;2
411138;2022-01-26;quarta-feira;03:50:00;SP;116;226.1;GUARULHOS;Ausência de reação do condutor;Saída de leito carroçável;Com Vítimas Feridas;Plena Noite;Crescente;Céu Claro;Múltipla;Reta;Não;2;1
411245;2022-01-26;quarta-feira;16:40:00;SP;116;139.8;SAO JOSE DOS CAMPOS;Manobra de mudança de faixa;Colisão lateral mesmo sentido;Sem Vítimas;Pleno dia;Decrescente;Nublado;Dupla;Reta;Sim;2;2