id;data_inversa;dia_semana;horario;uf;br;km;municipio;causa_acidente;tipo_acidente;classificacao_acidente;fase_dia;sentido_via;condicao_metereologica;tipo_pista;tracado_via;uso_solo;pessoas;veiculos
443567;2022-03-22;terça-feira;21:30:00;SP;116;229.2;SAO PAULO;Manobra de mudança de faixa;Colisão lateral mesmo sentido;Sem Vítimas;Plena Noite;Decrescente;Nublado;Múltipla;Reta;Sim;2;2
443597;2022-04-14;quinta-feira;00:15:00;SP;116;228.0;SAO PAULO;Estacionar ou parar em local proibido;Colisão traseira;Com Vítimas Feridas;Plena Noite;Decrescente;Nublado;Múltipla;Reta;Sim;4;2
443680;2022-04-14;quinta-feira;13:25:00;SP;116;99.0;PINDAMONHANGABA;Pedestre andava na pista;Atropelamento de Pedestre;Com Vítimas Feridas;Pleno dia;Crescente;Nublado;Dupla;Não Informado;Sim;2;1
443812;2022-04-14;quinta-feira;22:00:00;SP;116;120.0;CACAPAVA;Reação tardia ou ineficiente do condutor;Tombamento;Com Vítimas Feridas;Plena Noite;Crescente;Garoa/Chuvisco;Dupla;Reta;Não;1;1
443869;2022-04-15;sexta-feira;06:30:00;SP;116;117.0;CACAPAVA;Acumulo de areia ou detritos sobre o pavimento;Queda de ocupante de veículo;Com Vítimas Feridas;Pleno dia;Crescente;Céu Claro;Simples;Reta;Não;1;1
444094;2022-04-16;sábado;17:15:00;SP;116;209.0;GUARULHOS;Ausência de reação do condutor;Eventos atípicos;Com Vítimas Feridas;Pleno dia;Crescente;Nublado;Múltipla;Reta;Sim;2;1
444310;2022-04-17;domingo;16:18:00;SP;116;133.0;CACAPAVA;Condutor deixou de manter distância do veículo da frente;Engavetamento;Com Vítimas Feridas;Pleno dia;Crescente;Céu Claro;Dupla;Reta;Não;7;4
444415;2022-04-17;domingo;21:45:00;SP;116;211.0;GUARULHOS;Ausência de reação do condutor;Colisão traseira;Com Vítimas Feridas;Plena Noite;Crescente;Nublado;Múltipla;Reta;Sim;5;2
444459;2022-04-18;segunda-feira;06:45:00;SP;116;222.0;GUARULHOS;Objeto estático sobre o leito carroçável;Colisão com objeto;Com Vítimas Feridas;Pleno dia;Crescente;Céu Claro;Múltipla;Reta;Sim;1;1
444530;2022-04-18;segunda-feira;11:20:00;SP;116;219.0;GUARULHOS;Reação tardia ou ineficiente do condutor;Colisão traseira;Com Vítimas Feridas;Pleno dia;Decrescente;Céu Claro;Múltipla;Reta;Sim;3;2
444645;2022-04-18;segunda-feira;21:20:00;SP;116;214.0;GUARULHOS;Pedestre andava na pista;Atropelamento de Pedestre;Com Vítimas Feridas;Plena Noite;Crescente;Céu Claro;Simples;Não Informado;Sim;2;1
444802;2022-04-19;terça-feira;18:05:00;SP;116;215.0;GUARULHOS;Acessar a via sem observar a presença dos outros veículos;Colisão lateral mesmo sentido;Com Vítimas Feridas;Anoitecer;Decrescente;Nublado;Dupla;Reta;Sim;4;2
444807;2022-04-19;terça-feira;18:25:00;SP;116;146.5;SAO JOSE DOS CAMPOS;Condutor deixou de manter distância do veículo da frente;Colisão traseira;Com Vítimas Feridas;Plena Noite;Crescente;Céu Claro;Simples;Desvio Temporário;Sim;2;2
444836;2022-04-19;terça-feira;20:46:00;SP;116;223.0;GUARULHOS;Reação tardia ou ineficiente do condutor;Colisão traseira;Com Vítimas Feridas;Plena Noite;Crescente;Céu Claro;Múltipla;Reta;Sim;4;2
444871;2022-04-20;quarta-feira;03:15:00;SP;116;139.4;SAO JOSE DOS CAMPOS;Condutor Dormindo;Colisão com objeto;Sem Vítimas;Plena Noite;Decrescente;Céu Claro;Dupla;Curva;Sim;1;1
444915;2022-02-20;domingo;10:05:00;SP;116;221.0;GUARULHOS;Demais falhas mecânicas ou elétricas;Queda de ocupante de veículo;Com Vítimas Feridas;Pleno dia;Decrescente;Céu Claro;Múltipla;Reta;Sim;2;1
444966;2022-04-20;quarta-feira;14:45:00;SP;116;221.0;GUARULHOS;Reação tardia ou ineficiente do condutor;Colisão lateral mesmo sentido;Com Vítimas Feridas;Pleno dia;Decrescente;Céu Claro;Dupla;Reta;Sim;2;2
444991;2022-04-20;quarta-feira;17:05:00;SP;116;147.2;SAO JOSE DOS CAMPOS;Reação tardia ou ineficiente do condutor;Colisão traseira;Com Vítimas Feridas;Anoitecer;Decrescente;Céu Claro;Dupla;Reta;Sim;3;3
444994;2022-04-20;quarta-feira;17:10:00;SP;116;101.0;PINDAMONHANGABA;Ausência de reação do condutor;Colisão traseira;Com Vítimas Feridas;Pleno dia;Crescente;Céu Claro;Dupla;Reta;Não;3;3
445135;2022-04-21;quinta-feira;11:05:00;SP;116;213.0;GUARULHOS;Reação tardia ou ineficiente do condutor;Colisão traseira;Sem Vítimas;Pleno dia;Decrescente;Céu Claro;Dupla;Não Informado;Sim;5;3
445178;2022-04-21;quinta-feira;15:10:00;SP;116;112.5;TAUBATE;Trafegar com motocicleta (ou similar) entre as faixas;Engavetamento;Com Vítimas Feridas;Pleno dia;Decrescente;Céu Claro;Dupla;Reta;Sim;4;3
445261;2022-04-22;sexta-feira;04:00:00;SP;116;135.0;SAO JOSE DOS CAMPOS;Reação tardia ou ineficiente do condutor;Queda de ocupante de veículo;Com Vítimas Feridas;Plena Noite;Decrescente;Céu Claro;Dupla;Reta;Sim;1;1
445317;2022-04-22;sexta-feira;11:13:00;SP;116;153.3;SAO JOSE DOS CAMPOS;Trafegar com motocicleta (ou similar) entre as faixas;Colisão lateral mesmo sentido;Com Vítimas Feridas;Pleno dia;Decrescente;Céu Claro;Dupla;Reta;Sim;2;2
445330;2022-04-22;sexta-feira;11:15:00;SP;116;106.0;PINDAMONHANGABA;Condutor deixou de manter distância do veículo da frente;Colisão traseira;Com Vítimas Feridas;Pleno dia;Decrescente;Céu Claro;Dupla;Reta;Não;3;2
445339;2022-04-22;sexta-feira;14:40:00;SP;116;187.0;SANTA ISABEL;Condutor Dormindo;Tombamento;Com Vítimas Feridas;Pleno dia;Decrescente;Céu Claro;Dupla;Reta;Não;1;1
445410;2022-04-22;sexta-feira;21:10:00;SP;116;211.0;GUARULHOS;Demais falhas mecânicas ou elétricas;Tombamento;Com Vítimas Feridas;Plena Noite;Decrescente;Céu Claro;Múltipla;Reta;Sim;2;1
445493;2022-04-23;sábado;09:05:00;SP;116;146.1;SAO JOSE DOS CAMPOS;Reação tardia ou ineficiente do condutor;Queda de ocupante de veículo;Com Vítimas Feridas;Pleno dia;Crescente;Sol;Dupla;Reta;Sim;2;1
445659;2022-04-24;domingo;01:15:00;SP;116;158.0;JACAREI;Reação tardia ou ineficiente do condutor;Queda de ocupante de veículo;Com Vítimas Feridas;Plena Noite;Decrescente;Céu Claro;Dupla;Reta;Sim;1;1
445713;2022-04-24;domingo;07:30:00;SP;116;224.0;GUARULHOS;Ausência de reação do condutor;Colisão lateral mesmo sentido;Com Vítimas Feridas;Pleno dia;Decrescente;Céu Claro;Múltipla;Reta;Sim;2;2
445743;2022-04-24;domingo;13:00:00;SP;116;112.0;TAUBATE;Acessar a via sem observar a presença dos outros veículos;Colisão traseira;Com Vítimas Feridas;Pleno dia;Decrescente;Céu Claro;Dupla;Interseção de vias;Sim;3;2
445748;2022-04-24;domingo;14:05:00;SP;116;215.0;GUARULHOS;Manobra de mudança de faixa;Colisão lateral mesmo sentido;Com Vítimas Feridas;Pleno dia;Crescente;Céu Claro;Múltipla;Reta;Sim;2;2
445758;2022-04-24;domingo;14:30:00;SP;116;220.0;GUARULHOS;Avarias e/ou desgaste excessivo no pneu;Tombamento;Com Vítimas Feridas;Pleno dia;Crescente;Céu Claro;Múltipla;Reta;Sim;1;1
445821;2022-04-24;domingo;15:30:00;SP;116;215.0;GUARULHOS;Reação tardia ou ineficiente do condutor;Eventos atípicos;Com Vítimas Feridas;Pleno dia;Decrescente;Céu Claro;Múltipla;Reta;Sim;1;1
445835;2022-04-24;domingo;19:10:00;SP;116;145.0;SAO JOSE DOS CAMPOS;Reação tardia ou ineficiente do condutor;Colisão traseira;Com Vítimas Feridas;Plena Noite;Decrescente;Nublado;Dupla;Reta;Sim;2;2
445868;2022-04-24;domingo;22:45:00;SP;116;208.0;GUARULHOS;Reação tardia ou ineficiente do condutor;Colisão traseira;Com Vítimas Feridas;Plena Noite;Crescente;Céu Claro;Múltipla;Reta;Sim;3;2
445893;2022-04-25;segunda-feira;03:10:00;SP;116;158.0;SAO JOSE DOS CAMPOS;Ausência de reação do condutor;Queda de ocupante de veículo;Com Vítimas Feridas;Amanhecer;Crescente;Céu Claro;Dupla;Desvio Temporário;Sim;1;1
445907;2022-04-25;segunda-feira;06:45:00;SP;116;225.0;GUARULHOS;Ausência de reação do condutor;Colisão lateral mesmo sentido;Com Vítimas Feridas;Pleno dia;Crescente;Sol;Múltipla;Reta;Sim;2;1
445919;2022-02-18;sexta-feira;08:37:00;SP;116;228.0;SAO PAULO;Manobra de mudança de faixa;Colisão lateral mesmo sentido;Com Vítimas Feridas;Pleno dia;Crescente;Céu Claro;Múltipla;Reta;Sim;2;2
445928;2022-02-18;sexta-feira;04:20:00;SP;116;154.0;SAO JOSE DOS CAMPOS;Ausência de reação do condutor;Queda de ocupante de veículo;Com Vítimas Feridas;Plena Noite;Crescente;Céu Claro;Múltipla;Interseção de vias;Sim;2;1
445937;2022-02-18;sexta-feira;03:15:00;SP;116;195.0;SANTA ISABEL;Ingestão de álcool pelo condutor;Saída de leito carroçável;Sem Vítimas;Plena Noite;Decrescente;Céu Claro;Múltipla;Reta;Não;1;1
445956;2022-04-04;segunda-feira;01:45:00;SP;116;225.0;GUARULHOS;Entrada inopinada do pedestre;Atropelamento de Pedestre;Sem Vítimas;Plena Noite;Crescente;Nublado;Múltipla;Reta;Sim;1;1
445976;2022-04-25;segunda-feira;11:55:00;SP;116;102.3;PINDAMONHANGABA;Entrada inopinada do pedestre;Atropelamento de Pedestre;Sem Vítimas;Pleno dia;Decrescente;Sol;Dupla;Reta;Sim;2;1
445981;2022-03-24;quinta-feira;19:00:00;SP;116;215.0;GUARULHOS;Ausência de reação do condutor;Colisão traseira;Com Vítimas Feridas;Plena Noite;Crescente;Ignorado;Múltipla;Reta;Sim;2;2
445997;2022-04-25;segunda-feira;15:00:00;SP;116;219.0;GUARULHOS;Acessar a via sem observar a presença dos outros veículos;Colisão lateral mesmo sentido;Com Vítimas Feridas;Pleno dia;Decrescente;Céu Claro;Dupla;Viaduto;Sim;2;2
446012;2022-04-25;segunda-feira;16:50:00;SP;116;227.0;GUARULHOS;Pista Escorregadia;Queda de ocupante de veículo;Com Vítimas Feridas;Pleno dia;Decrescente;Céu Claro;Dupla;Interseção de vias;Não;1;1
446039;2022-04-25;segunda-feira;18:15:00;SP;116;227.0;GUARULHOS;Condutor deixou de manter distância do veículo da frente;Colisão traseira;Sem Vítimas;Anoitecer;Decrescente;Céu Claro;Dupla;Interseção de vias;Sim;3;2
446171;2022-04-26;terça-feira;13:00:00;SP;116;199.0;ARUJA;Reação tardia ou ineficiente do condutor;Atropelamento de Pedestre;Com Vítimas Feridas;Pleno dia;Crescente;Céu Claro;Dupla;Reta;Não;1;1
446225;2022-04-26;terça-feira;18:55:00;SP;116;227.0;GUARULHOS;Condutor deixou de manter distância do veículo da frente;Colisão traseira;Com Vítimas Feridas;Anoitecer;Decrescente;Ignorado;Múltipla;Reta;Sim;2;2
446371;2022-04-27;quarta-feira;17:30:00;SP;116;158.0;JACAREI;Ausência de reação do condutor;Colisão traseira;Com Vítimas Feridas;Pleno dia;Crescente;Céu Claro;Simples;Reta;Sim;2;2
446388;2022-04-27;quarta-feira;19:55:00;SP;116;228.0;SAO PAULO;Ausência de reação do condutor;Tombamento;Com Vítimas Feridas;Plena Noite;Decrescente;Céu Claro;Múltipla;Reta;Sim;3;2
446435;2022-04-28;quinta-feira;07:21:00;SP;116;213.0;GUARULHOS;Manobra de mudança de faixa;Colisão lateral mesmo sentido;Com Vítimas Feridas;Pleno dia;Decrescente;Céu Claro;Múltipla;Reta;Sim;1;1
446448;2022-02-12;sábado;23:00:00;SP;116;211.0;GUARULHOS;Entrada inopinada do pedestre;Atropelamento de Pedestre;Com Vítimas Feridas;Plena Noite;Decrescente;Céu Claro;Múltipla;Reta;Sim;2;1
446451;2022-04-28;quinta-feira;08:20:00;SP;116;138.0;SAO JOSE DOS CAMPOS;Trafegar com motocicleta (ou similar) entre as faixas;Colisão lateral mesmo sentido;Com Vítimas Feridas;Pleno dia;Crescente;Sol;Dupla;Reta;Não;3;3
446457;2022-02-16;quarta-feira;08:10:00;SP;116;155.0;SAO JOSE DOS CAMPOS;Demais falhas mecânicas ou elétricas;Colisão com objeto;Com Vítimas Feridas;Pleno dia;Decrescente;Nublado;Dupla;Reta;Sim;1;1
446465;2022-02-19;sábado;18:45:00;SP;116;214.0;GUARULHOS;Reação tardia ou ineficiente do condutor;Colisão traseira;Com Vítimas Feridas;Anoitecer;Crescente;Céu Claro;Dupla;Não Informado;Sim;3;2
446506;2022-04-28;quinta-feira;14:30:00;SP;116;113.7;TAUBATE;Demais falhas mecânicas ou elétricas;Tombamento;Com Vítimas Feridas;Pleno dia;Crescente;Sol;Dupla;Reta;Sim;1;1
446532;2022-04-28;quinta-feira;15:30:00;SP;116;169.0;JACAREI;Ausência de reação do condutor;Colisão traseira;Com Vítimas Feridas;Pleno dia;Decrescente;Céu Claro;Dupla;Reta;Sim;2;2
446558;2022-04-28;quinta-feira;19:00:00;SP;116;227.0;GUARULHOS;Ausência de reação do condutor;Queda de ocupante de veículo;Com Vítimas Feridas;Plena Noite;Crescente;Céu Claro;Múltipla;Reta;Sim;2;1
446628;2022-04-29;sexta-feira;07:20:00;SP;116;111.4;TAUBATE;Condutor deixou de manter distância do veículo da frente;Colisão traseira;Com Vítimas Feridas;Pleno dia;Decrescente;Sol;Dupla;Reta;Não;2;2
446656;2022-04-29;sexta-feira;11:00:00;SP;116;214.0;GUARULHOS;Manobra de mudança de faixa;Colisão traseira;Com Vítimas Feridas;Pleno dia;Crescente;Garoa/Chuvisco;Múltipla;Reta;Sim;2;2
446666;2022-04-29;sexta-feira;12:10:00;SP;116;200.0;ARUJA;Manobra de mudança de faixa;Colisão lateral mesmo sentido;Com Vítimas Feridas;Pleno dia;Decrescente;Céu Claro;Dupla;Reta;Sim;3;2
446728;2022-04-29;sexta-feira;18:15:00;SP;116;215.0;GUARULHOS;Ausência de reação do condutor;Colisão traseira;Com Vítimas Feridas;Plena Noite;Decrescente;Céu Claro;Múltipla;Reta;Sim;3;2
446778;2022-04-29;sexta-feira;22:10:00;SP;116;113.0;TAUBATE;Avarias e/ou desgaste excessivo no pneu;Queda de ocupante de veículo;Com Vítimas Feridas;Plena Noite;Crescente;Céu Claro;Dupla;Reta;Sim;2;1
446812;2022-04-30;sábado;02:20:00;SP;116;144.1;SAO JOSE DOS CAMPOS;Reação tardia ou ineficiente do condutor;Saída de leito carroçável;Com Vítimas Feridas;Plena Noite;Decrescente;Céu Claro;Múltipla;Reta;Sim;2;1
446835;2022-04-30;sábado;06:30:00;SP;116;161.2;JACAREI;Ingestão de álcool e/ou substâncias psicoativas pelo pedestre;Colisão frontal;Com Vítimas Fatais;Amanhecer;Decrescente;Chuva;Simples;Reta;Sim;3;2
446912;2022-04-30;sábado;14:55:00;SP;116;99.2;PINDAMONHANGABA;Mal súbito do condutor;Capotamento;Com Vítimas Feridas;Pleno dia;Decrescente;Garoa/Chuvisco;Dupla;Reta;Não;1;1
446943;2022-04-30;sábado;16:25:00;SP;116;212.0;GUARULHOS;Condutor deixou de manter distância do veículo da frente;Colisão com objeto;Com Vítimas Feridas;Pleno dia;Crescente;Garoa/Chuvisco;Dupla;Reta;Sim;5;1
446949;2022-04-30;sábado;18:30:00;SP;116;229.7;SAO PAULO;Reação tardia ou ineficiente do condutor;Colisão traseira;Com Vítimas Feridas;Anoitecer;Crescente;Chuva;Múltipla;Reta;Sim;4;2
446967;2022-04-30;sábado;19:30:00;SP;116;228.0;SAO PAULO;Ingestão de álcool pelo condutor;Colisão traseira;Sem Vítimas;Plena Noite;Crescente;Céu Claro;Dupla;Reta;Não;3;2
446999;2022-04-30;sábado;23:10:00;SP;116;145.7;SAO JOSE DOS CAMPOS;Ausência de reação do condutor;Engavetamento;Com Vítimas Feridas;Pleno dia;Decrescente;Nublado;Dupla;Não Informado;Sim;4;4
447008;2022-04-30;sábado;23:48:00;SP;116;139.0;SAO JOSE DOS CAMPOS;Manobra de mudança de faixa;Colisão com objeto;Com Vítimas Feridas;Plena Noite;Crescente;Céu Claro;Dupla;Reta;Sim;2;1
447018;2022-05-01;domingo;01:12:00;SP;116;131.8;CACAPAVA;Ingestão de álcool pelo condutor;Colisão traseira;Com Vítimas Feridas;Pleno dia;Crescente;Nublado;Dupla;Reta;Sim;3;2
447045;2022-05-01;domingo;05:50:00;SP;116;216.0;GUARULHOS;Reação tardia ou ineficiente do condutor;Tombamento;Com Vítimas Feridas;Amanhecer;Decrescente;Garoa/Chuvisco;Múltipla;Reta;Sim;2;1
447054;2022-05-01;domingo;05:55:00;SP;116;216.0;GUARULHOS;Ausência de reação do condutor;Atropelamento de Pedestre;Com Vítimas Feridas;Amanhecer;Decrescente;Céu Claro;Dupla;Reta;Sim;5;1
447058;2022-05-01;domingo;07:00:00;SP;116;222.0;GUARULHOS;Condutor deixou de manter distância do veículo da frente;Colisão traseira;Com Vítimas Feridas;Pleno dia;Decrescente;Céu Claro;Dupla;Reta;Sim;4;2
447083;2022-05-01;domingo;05:00:00;SP;116;110.0;TAUBATE;Ausência de reação do condutor;Colisão com objeto;Sem Vítimas;Plena Noite;Crescente;Céu Claro;Dupla;Reta;Sim;1;1
447130;2022-05-01;domingo;15:30:00;SP;116;219.0;GUARULHOS;Reação tardia ou ineficiente do condutor;Colisão frontal;Com Vítimas Feridas;Pleno dia;Crescente;Céu Claro;Simples;Curva;Sim;2;2
447200;2022-05-02;segunda-feira;01:30:00;SP;116;220.2;GUARULHOS;Ausência de reação do condutor;Colisão com objeto;Sem Vítimas;Plena Noite;Decrescente;Céu Claro;Múltipla;Reta;Sim;1;1
447232;2022-05-01;domingo;18:40:00;SP;116;186.0;SANTA ISABEL;Frear bruscamente;Tombamento;Com Vítimas Feridas;Anoitecer;Decrescente;Garoa/Chuvisco;Dupla;Não Informado;Não;2;1
447310;2022-05-02;segunda-feira;11:00:00;SP;116;229.0;SAO PAULO;Manobra de mudança de faixa;Queda de ocupante de veículo;Com Vítimas Feridas;Pleno dia;Decrescente;Sol;Múltipla;Reta;Não;2;2
447504;2022-05-03;terça-feira;06:50:00;SP;116;144.4;SAO JOSE DOS CAMPOS;Ausência de reação do condutor;Queda de ocupante de veículo;Com Vítimas Feridas;Pleno dia;Decrescente;Céu Claro;Dupla;Desvio Temporário;Sim;1;1
447506;2022-02-12;sábado;03:15:00;SP;116;171.0;JACAREI;Ausência de reação do condutor;Colisão com objeto;Sem Vítimas;Amanhecer;Decrescente;Céu Claro;Dupla;Desvio Temporário;Não;1;1
447508;2022-02-13;domingo;10:05:00;SP;116;133.0;CACAPAVA;Ausência de reação do condutor;Capotamento;Com Vítimas Feridas;Pleno dia;Crescente;Céu Claro;Dupla;Reta;Não;1;1
447607;2022-05-03;terça-feira;18:30:00;SP;116;196.0;ARUJA;Velocidade Incompatível;Queda de ocupante de veículo;Com Vítimas Feridas;Plena Noite;Crescente;Céu Claro;Múltipla;Reta;Não;2;1
447616;2022-05-03;terça-feira;19:30:00;SP;116;148.0;SAO JOSE DOS CAMPOS;Demais falhas mecânicas ou elétricas;Colisão traseira;Sem Vítimas;Plena Noite;Decrescente;Céu Claro;Dupla;Reta;Sim;2;2
447669;2022-04-16;sábado;07:45:00;SP;116;116.9;TAUBATE;Manobra de mudança de faixa;Colisão traseira;Com Vítimas Feridas;Pleno dia;Crescente;Céu Claro;Dupla;Reta;Sim;2;2
447694;2022-04-20;quarta-feira;10:30:00;SP;116;228.0;SAO PAULO;Reação tardia ou ineficiente do condutor;Engavetamento;Sem Vítimas;Pleno dia;Crescente;Sol;Múltipla;Reta;Sim;5;5
447730;2022-05-04;quarta-feira;16:15:00;SP;116;223.6;GUARULHOS;Reação tardia ou ineficiente do condutor;Colisão lateral mesmo sentido;Com Vítimas Feridas;Pleno dia;Crescente;Garoa/Chuvisco;Múltipla;Reta;Sim;4;2
447746;2022-05-04;quarta-feira;16:20:00;SP;116;158.0;JACAREI;Condutor deixou de manter distância do veículo da frente;Colisão traseira;Com Vítimas Feridas;Pleno dia;Decrescente;Nublado;Dupla;Reta;Sim;1;1
447800;2022-05-04;quarta-feira;21:45:00;SP;116;146.0;SAO JOSE DOS CAMPOS;Acessar a via sem observar a presença dos outros veículos;Colisão traseira;Com Vítimas Feridas;Plena Noite;Crescente;Nublado;Dupla;Não Informado;Sim;2;2
447863;2022-05-05;quinta-feira;09:25:00;SP;116;216.0;GUARULHOS;Manobra de mudança de faixa;Colisão traseira;Com Vítimas Feridas;Pleno dia;Decrescente;Céu Claro;Múltipla;Reta;Sim;2;2
447881;2022-05-05;quinta-feira;11:50:00;SP;116;209.0;GUARULHOS;Condutor usando celular;Colisão traseira;Sem Vítimas;Pleno dia;Crescente;Nublado;Múltipla;Reta;Sim;3;2
447903;2022-04-27;quarta-feira;06:00:00;SP;116;227.0;GUARULHOS;Velocidade Incompatível;Colisão traseira;Com Vítimas Feridas;Pleno dia;Crescente;Céu Claro;Múltipla;Reta;Sim;2;2
447927;2022-05-05;quinta-feira;18:25:00;SP;116;217.0;GUARULHOS;Ausência de reação do condutor;Queda de ocupante de veículo;Com Vítimas Feridas;Plena Noite;Decrescente;Garoa/Chuvisco;Múltipla;Reta;Sim;1;1
447930;2022-05-05;quinta-feira;18:34:00;SP;116;223.0;GUARULHOS;Trafegar com motocicleta (ou similar) entre as faixas;Tombamento;Com Vítimas Feridas;Plena Noite;Crescente;Garoa/Chuvisco;Múltipla;Reta;Sim;1;1
447949;2022-05-05;quinta-feira;18:00:00;SP;116;139.0;SAO JOSE DOS CAMPOS;Animais na Pista;Atropelamento de Animal;Com Vítimas Feridas;Plena Noite;Decrescente;Céu Claro;Dupla;Reta;Não;2;2
448000;2022-05-06;sexta-feira;06:00:00;SP;116;208.0;GUARULHOS;Reação tardia ou ineficiente do condutor;Tombamento;Com Vítimas Feridas;Amanhecer;Crescente;Céu Claro;Múltipla;Reta;Sim;2;1
448015;2022-05-06;sexta-feira;07:50:00;SP;116;225.0;GUARULHOS;Mal súbito do condutor;Tombamento;Com Vítimas Feridas;Pleno dia;Crescente;Nublado;Múltipla;Reta;Sim;1;1
448141;2022-05-06;sexta-feira;18:45:00;SP;116;131.0;CACAPAVA;Ausência de reação do condutor;Colisão frontal;Com Vítimas Feridas;Plena Noite;Decrescente;Nublado;Dupla;Reta;Não;2;2
448145;2022-05-06;sexta-feira;18:20:00;SP;116;109.9;TAUBATE;Manobra de mudança de faixa;Colisão transversal;Com Vítimas Feridas;Plena Noite;Decrescente;Céu Claro;Dupla;Reta;Não;2;2
448328;2022-05-06;sexta-feira;00:00:00;SP;116;137.0;SAO JOSE DOS CAMPOS;Avarias e/ou desgaste excessivo no pneu;Tombamento;Com Vítimas Feridas;Plena Noite;Crescente;Garoa/Chuvisco;Dupla;Reta;Não;2;1
448399;2022-05-07;sábado;23:30:00;SP;116;111.0;TAUBATE;Condutor deixou de manter distância do veículo da frente;Colisão traseira;Sem Vítimas;Plena Noite;Crescente;Céu Claro;Dupla;Reta;Sim;3;2
448437;2022-05-08;domingo;04:00:00;SP;116;104.0;TAUBATE;Manobra de mudança de faixa;Saída de leito carroçável;Com Vítimas Feridas;Pleno dia;Crescente;Céu Claro;Dupla;Reta;Não;1;1
448448;2022-05-08;domingo;04:46:00;SP;116;224.0;SAO PAULO;Reação tardia ou ineficiente do condutor;Colisão traseira;Com Vítimas Feridas;Plena Noite;Crescente;Céu Claro;Dupla;Reta;Sim;4;2
448460;2022-05-07;sábado;17:40:00;SP;116;217.0;GUARULHOS;Acessar a via sem observar a presença dos outros veículos;Colisão traseira;Com Vítimas Feridas;Anoitecer;Decrescente;Nublado;Dupla;Reta;Não;2;2
448464;2022-05-08;domingo;06:45:00;SP;116;137.5;SAO JOSE DOS CAMPOS;Reação tardia ou ineficiente do condutor;Colisão traseira;Com Vítimas Feridas;Pleno dia;Crescente;Céu Claro;Dupla;Reta;Sim;3;2
448468;2022-05-08;domingo;07:05:00;SP;116;228.0;SAO PAULO;Reação tardia ou ineficiente do condutor;Atropelamento de Pedestre;Com Vítimas Feridas;Pleno dia;Crescente;Céu Claro;Múltipla;Reta;Sim;2;1
448509;2022-05-08;domingo;12:10:00;SP;116;222.0;GUARULHOS;Reação tardia ou ineficiente do condutor;Capotamento;Com Vítimas Feridas;Pleno dia;Crescente;Nublado;Múltipla;Reta;Sim;1;1
448510;2022-05-08;domingo;12:40:00;SP;116;223.0;GUARULHOS;Reação tardia ou ineficiente do condutor;Engavetamento;Com Vítimas Feridas;Pleno dia;Crescente;Nublado;Múltipla;Reta;Sim;6;4
448567;2022-05-08;domingo;18:00:00;SP;116;207.0;GUARULHOS;Reação tardia ou ineficiente do condutor;Engavetamento;Sem Vítimas;Plena Noite;Crescente;Nublado;Múltipla;Reta;Sim;3;3
448578;2022-05-08;domingo;17:30:00;SP;116;101.0;PINDAMONHANGABA;Reação tardia ou ineficiente do condutor;Engavetamento;Com Vítimas Feridas;Anoitecer;Crescente;Nublado;Dupla;Reta;Não;6;6
448599;2022-05-08;domingo;20:30:00;SP;116;222.0;GUARULHOS;Manobra de mudança de faixa;Colisão traseira;Com Vítimas Feridas;Plena Noite;Decrescente;Céu Claro;Múltipla;Reta;Não;2;2
448674;2022-05-09;segunda-feira;06:00:00;SP;116;187.0;SANTA ISABEL;Reação tardia ou ineficiente do condutor;Tombamento;Com Vítimas Feridas;Pleno dia;Crescente;Céu Claro;Dupla;Reta;Não;1;1
448775;2022-04-21;quinta-feira;11:00:00;SP;116;214.0;GUARULHOS;Acessar a via sem observar a presença dos outros veículos;Colisão traseira;Com Vítimas Feridas;Pleno dia;Crescente;Céu Claro;Dupla;Não Informado;Sim;3;2
448792;2022-05-09;segunda-feira;18:31:00;SP;116;152.0;SAO JOSE DOS CAMPOS;Declive acentuado;Colisão traseira;Com Vítimas Feridas;Plena Noite;Decrescente;Céu Claro;Dupla;Reta;Sim;2;2
448872;2022-05-10;terça-feira;06:20:00;SP;116;208.0;GUARULHOS;Reação tardia ou ineficiente do condutor;Colisão traseira;Com Vítimas Feridas;Amanhecer;Crescente;Céu Claro;Dupla;Reta;Não;2;2
448938;2022-05-10;terça-feira;13:40:00;SP;116;153.0;SAO JOSE DOS CAMPOS;Ausência de reação do condutor;Tombamento;Com Vítimas Feridas;Pleno dia;Crescente;Céu Claro;Dupla;Reta;Sim;1;1
449030;2022-05-10;terça-feira;22:50:00;SP;116;217.0;GUARULHOS;Pedestre andava na pista;Atropelamento de Pedestre;Com Vítimas Fatais;Plena Noite;Decrescente;Céu Claro;Múltipla;Reta;Sim;2;1
449069;2022-05-11;quarta-feira;06:50:00;SP;116;138.6;SAO JOSE DOS CAMPOS;Condutor Dormindo;Colisão traseira;Sem Vítimas;Amanhecer;Decrescente;Nublado;Dupla;Reta;Sim;2;2
449108;2022-02-10;quinta-feira;21:50:00;SP;116;100.0;PINDAMONHANGABA;Condutor deixou de manter distância do veículo da frente;Colisão traseira;Com Vítimas Feridas;Plena Noite;Crescente;Céu Claro;Dupla;Reta;Não;1;1
449129;2022-02-18;sexta-feira;18:40:00;SP;116;223.5;GUARULHOS;Ausência de reação do condutor;Colisão traseira;Com Vítimas Feridas;Anoitecer;Decrescente;Nublado;Múltipla;Reta;Sim;3;2