id;data_inversa;dia_semana;horario;uf;br;km;municipio;causa_acidente;tipo_acidente;classificacao_acidente;fase_dia;sentido_via;condicao_metereologica;tipo_pista;tracado_via;uso_solo;pessoas;veiculos
469574;2022-08-22;segunda-feira;00:45:00;SP;116;214.0;GUARULHOS;Velocidade Incompatível;Colisão com objeto;Com Vítimas Feridas;Plena Noite;Crescente;Céu Claro;Múltipla;Túnel;Sim;5;2
469605;2022-08-22;segunda-feira;07:00:00;SP;116;223.0;GUARULHOS;Trafegar com motocicleta (ou similar) entre as faixas;Colisão lateral mesmo sentido;Com Vítimas Feridas;Amanhecer;Crescente;Nublado;Múltipla;Reta;Sim;2;2
469635;2022-08-22;segunda-feira;10:00:00;SP;116;214.0;GUARULHOS;Reação tardia ou ineficiente do condutor;Colisão traseira;Com Vítimas Feridas;Pleno dia;Decrescente;Céu Claro;Múltipla;Reta;Sim;2;2
469707;2022-08-22;segunda-feira;18:00:00;SP;116;218.0;GUARULHOS;Ingestão de álcool pelo condutor;Colisão lateral mesmo sentido;Com Vítimas Feridas;Pleno dia;Crescente;Nublado;Múltipla;Reta;Sim;2;2
469886;2022-08-23;terça-feira;17:45:00;SP;116;218.0;GUARULHOS;Reação tardia ou ineficiente do condutor;Colisão traseira;Com Vítimas Feridas;Anoitecer;Decrescente;Céu Claro;Múltipla;Reta;Sim;2;2
469893;2022-08-23;terça-feira;18:20:00;SP;116;155.0;SAO JOSE DOS CAMPOS;Reação tardia ou ineficiente do condutor;Colisão traseira;Com Vítimas Feridas;Plena Noite;Decrescente;Céu Claro;Dupla;Reta;Não;3;3
469994;2022-08-24;quarta-feira;09:10:00;SP;116;228.0;SAO PAULO;Manobra de mudança de faixa;Colisão lateral mesmo sentido;Com Vítimas Feridas;Pleno dia;Crescente;Céu Claro;Múltipla;Reta;Sim;2;2
470012;2022-08-24;quarta-feira;09:40:00;SP;116;146.0;SAO JOSE DOS CAMPOS;Manobra de mudança de faixa;Queda de ocupante de veículo;Com Vítimas Feridas;Pleno dia;Decrescente;Céu Claro;Dupla;Não Informado;Sim;1;1
470013;2022-08-24;quarta-feira;09:50:00;SP;116;146.0;SAO JOSE DOS CAMPOS;Condutor deixou de manter distância do veículo da frente;Engavetamento;Com Vítimas Feridas;Pleno dia;Decrescente;Céu Claro;Dupla;Não Informado;Sim;3;3
470036;2022-08-24;quarta-feira;14:30:00;SP;116;112.8;TAUBATE;Condutor deixou de manter distância do veículo da frente;Colisão traseira;Com Vítimas Feridas;Pleno dia;Crescente;Céu Claro;Dupla;Reta;Sim;2;2
470069;2022-08-24;quarta-feira;18:00:00;SP;116;100.0;PINDAMONHANGABA;Avarias e/ou desgaste excessivo no pneu;Colisão com objeto;Com Vítimas Feridas;Anoitecer;Decrescente;Céu Claro;Dupla;Reta;Não;1;1
470079;2022-08-24;quarta-feira;17:40:00;SP;116;219.0;GUARULHOS;Trafegar com motocicleta (ou similar) entre as faixas;Colisão transversal;Com Vítimas Feridas;Anoitecer;Crescente;Céu Claro;Simples;Reta;Sim;2;2
470128;2022-08-25;quinta-feira;06:45:00;SP;116;209.0;GUARULHOS;Reação tardia ou ineficiente do condutor;Colisão traseira;Com Vítimas Feridas;Pleno dia;Crescente;Nublado;Múltipla;Reta;Sim;2;2
470136;2022-08-25;quinta-feira;07:25:00;SP;116;227.0;SAO PAULO;Trafegar com motocicleta (ou similar) entre as faixas;Colisão lateral mesmo sentido;Com Vítimas Feridas;Pleno dia;Crescente;Céu Claro;Múltipla;Não Informado;Sim;2;2
470194;2022-08-25;quinta-feira;14:10:00;SP;116;224.0;GUARULHOS;Reação tardia ou ineficiente do condutor;Colisão traseira;Com Vítimas Feridas;Pleno dia;Crescente;Céu Claro;Múltipla;Reta;Sim;3;2
470275;2022-08-25;quinta-feira;21:55:00;SP;116;223.0;GUARULHOS;Ausência de reação do condutor;Queda de ocupante de veículo;Com Vítimas Feridas;Plena Noite;Decrescente;Céu Claro;Múltipla;Reta;Sim;2;1
470287;2022-08-25;quinta-feira;23:08:00;SP;116;110.0;TAUBATE;Condutor deixou de manter distância do veículo da frente;Colisão traseira;Com Vítimas Feridas;Plena Noite;Decrescente;Céu Claro;Dupla;Reta;Sim;3;2
470312;2022-08-26;sexta-feira;06:20:00;SP;116;222.0;GUARULHOS;Manobra de mudança de faixa;Colisão lateral mesmo sentido;Com Vítimas Feridas;Amanhecer;Decrescente;Nublado;Dupla;Reta;Sim;2;2
470381;2022-08-26;sexta-feira;07:40:00;SP;116;136.0;SAO JOSE DOS CAMPOS;Ingestão de álcool pelo condutor;Colisão com objeto;Sem Vítimas;Pleno dia;Crescente;Sol;Dupla;Não Informado;Não;1;1
470387;2022-08-26;sexta-feira;10:30:00;SP;116;223.0;GUARULHOS;Reação tardia ou ineficiente do condutor;Queda de ocupante de veículo;Com Vítimas Feridas;Pleno dia;Crescente;Nublado;Múltipla;Reta;Sim;2;1
470420;2022-08-26;sexta-feira;15:00:00;SP;116;225.0;GUARULHOS;Reação tardia ou ineficiente do condutor;Colisão lateral mesmo sentido;Com Vítimas Feridas;Pleno dia;Crescente;Nublado;Múltipla;Reta;Sim;4;3
470585;2022-08-27;sábado;10:40:00;SP;116;201.0;ARUJA;Demais falhas mecânicas ou elétricas;Queda de ocupante de veículo;Com Vítimas Feridas;Pleno dia;Decrescente;Céu Claro;Múltipla;Reta;Sim;2;1
470712;2022-08-27;sábado;22:10:00;SP;116;222.0;GUARULHOS;Velocidade Incompatível;Colisão com objeto;Com Vítimas Feridas;Plena Noite;Crescente;Nublado;Múltipla;Reta;Não;2;1
470725;2022-08-27;sábado;23:00:00;SP;116;115.0;TAUBATE;Ausência de reação do condutor;Capotamento;Com Vítimas Feridas;Plena Noite;Crescente;Nublado;Dupla;Reta;Sim;1;1
470751;2022-08-28;domingo;03:00:00;SP;116;106.0;TAUBATE;Reação tardia ou ineficiente do condutor;Colisão traseira;Com Vítimas Feridas;Plena Noite;Crescente;Céu Claro;Dupla;Reta;Sim;3;2
470776;2022-08-28;domingo;07:20:00;SP;116;204.0;ARUJA;Reação tardia ou ineficiente do condutor;Tombamento;Com Vítimas Feridas;Pleno dia;Crescente;Céu Claro;Múltipla;Reta;Sim;2;1
470835;2022-08-28;domingo;14:00:00;SP;116;228.0;SAO PAULO;Ingestão de álcool pelo condutor;Colisão traseira;Sem Vítimas;Pleno dia;Decrescente;Céu Claro;Múltipla;Reta;Sim;2;2
470877;2022-08-14;domingo;04:00:00;SP;116;146.0;SAO JOSE DOS CAMPOS;Objeto estático sobre o leito carroçável;Eventos atípicos;Com Vítimas Feridas;Plena Noite;Crescente;Ignorado;Dupla;Reta;Sim;4;4
471122;2022-08-29;segunda-feira;18:55:00;SP;116;218.0;GUARULHOS;Manobra de mudança de faixa;Colisão lateral mesmo sentido;Com Vítimas Feridas;Plena Noite;Crescente;Nublado;Múltipla;Reta;Sim;2;2
471151;2022-08-29;segunda-feira;19:39:00;SP;116;139.0;SAO JOSE DOS CAMPOS;Avarias e/ou desgaste excessivo no pneu;Colisão lateral mesmo sentido;Com Vítimas Feridas;Plena Noite;Decrescente;Céu Claro;Dupla;Reta;Sim;3;2
471189;2022-08-30;terça-feira;06:25:00;SP;116;220.9;GUARULHOS;Pedestre andava na pista;Atropelamento de Pedestre;Com Vítimas Feridas;Amanhecer;Decrescente;Nublado;Múltipla;Reta;Sim;2;1
471226;2022-08-30;terça-feira;10:30:00;SP;116;219.0;GUARULHOS;Reação tardia ou ineficiente do condutor;Queda de ocupante de veículo;Com Vítimas Feridas;Pleno dia;Decrescente;Céu Claro;Múltipla;Reta;Sim;1;1
471227;2022-07-17;domingo;20:55:00;SP;116;155.0;SAO JOSE DOS CAMPOS;Reação tardia ou ineficiente do condutor;Queda de ocupante de veículo;Com Vítimas Feridas;Plena Noite;Decrescente;Céu Claro;Dupla;Reta;Sim;1;1
471318;2022-08-30;terça-feira;19:15:00;SP;116;109.0;TAUBATE;Ausência de reação do condutor;Colisão com objeto;Com Vítimas Feridas;Plena Noite;Crescente;Céu Claro;Dupla;Reta;Sim;1;1
471433;2022-08-28;domingo;01:30:00;SP;116;140.0;SAO JOSE DOS CAMPOS;Ausência de reação do condutor;Colisão traseira;Com Vítimas Feridas;Plena Noite;Crescente;Céu Claro;Dupla;Reta;Sim;1;1
471500;2022-08-31;quarta-feira;20:30:00;SP;116;219.0;GUARULHOS;Acessar a via sem observar a presença dos outros veículos;Atropelamento de Pedestre;Com Vítimas Feridas;Plena Noite;Crescente;Céu Claro;Dupla;Desvio Temporário;Não;2;1
471525;2022-08-31;quarta-feira;23:00:00;SP;116;152.0;SAO JOSE DOS CAMPOS;Pedestre andava na pista;Atropelamento de Pedestre;Com Vítimas Feridas;Plena Noite;Crescente;Nublado;Dupla;Reta;Sim;2;1
471552;2022-09-01;quinta-feira;06:50:00;SP;116;209.8;GUARULHOS;Manobra de mudança de faixa;Colisão traseira;Com Vítimas Feridas;Pleno dia;Crescente;Nublado;Dupla;Reta;Não;2;2
471560;2022-09-01;quinta-feira;07:20:00;SP;116;228.0;SAO PAULO;Reação tardia ou ineficiente do condutor;Colisão traseira;Com Vítimas Feridas;Pleno dia;Crescente;Céu Claro;Múltipla;Reta;Sim;3;2
471570;2022-09-01;quinta-feira;08:00:00;SP;116;156.0;SAO JOSE DOS CAMPOS;Ausência de reação do condutor;Engavetamento;Com Vítimas Feridas;Pleno dia;Decrescente;Sol;Múltipla;Reta;Sim;3;3
471673;2022-09-01;quinta-feira;20:15:00;SP;116;142.0;SAO JOSE DOS CAMPOS;Condutor deixou de manter distância do veículo da frente;Colisão traseira;Com Vítimas Feridas;Plena Noite;Decrescente;Céu Claro;Simples;Reta;Sim;2;2
471708;2022-09-02;sexta-feira;01:10:00;SP;116;203.0;ARUJA;Ingestão de álcool pelo condutor;Colisão com objeto;Com Vítimas Feridas;Plena Noite;Decrescente;Céu Claro;Dupla;Curva;Não;2;1
471804;2022-09-02;sexta-feira;13:40:00;SP;116;216.9;GUARULHOS;Reação tardia ou ineficiente do condutor;Tombamento;Sem Vítimas;Pleno dia;Decrescente;Céu Claro;Múltipla;Reta;Sim;1;1
471868;2022-09-02;sexta-feira;18:50:00;SP;116;207.0;GUARULHOS;Pedestre cruzava a pista fora da faixa;Atropelamento de Pedestre;Com Vítimas Feridas;Plena Noite;Crescente;Céu Claro;Dupla;Reta;Sim;2;1
471928;2022-09-02;sexta-feira;22:55:00;SP;116;222.0;GUARULHOS;Ingestão de álcool pelo condutor;Colisão com objeto;Com Vítimas Feridas;Plena Noite;Decrescente;Céu Claro;Múltipla;Reta;Sim;1;1
471972;2022-09-03;sábado;07:15:00;SP;116;100.0;PINDAMONHANGABA;Reação tardia ou ineficiente do condutor;Tombamento;Com Vítimas Feridas;Pleno dia;Crescente;Céu Claro;Simples;Retorno Regulamentado;Sim;2;1
472001;2022-09-03;sábado;09:59:00;SP;116;122.4;CACAPAVA;Condutor deixou de manter distância do veículo da frente;Engavetamento;Com Vítimas Feridas;Pleno dia;Decrescente;Sol;Dupla;Reta;Não;3;3
472074;2022-09-03;sábado;17:34:00;SP;116;160.2;JACAREI;Reação tardia ou ineficiente do condutor;Colisão traseira;Com Vítimas Feridas;Anoitecer;Decrescente;Nublado;Dupla;Reta;Sim;2;2
472104;2022-09-03;sábado;12:14:00;SP;116;204.0;ARUJA;Problema com o freio;Colisão com objeto;Sem Vítimas;Pleno dia;Crescente;Céu Claro;Múltipla;Reta;Sim;5;4
472156;2022-09-04;domingo;00:45:00;SP;116;223.0;GUARULHOS;Ingestão de álcool pelo condutor;Tombamento;Sem Vítimas;Plena Noite;Crescente;Chuva;Múltipla;Reta;Sim;1;1
472180;2022-09-04;domingo;02:30:00;SP;116;146.0;SAO JOSE DOS CAMPOS;Ausência de reação do condutor;Colisão traseira;Sem Vítimas;Plena Noite;Crescente;Chuva;Dupla;Não Informado;Sim;2;2
472186;2022-09-04;domingo;04:40:00;SP;116;145.1;SAO JOSE DOS CAMPOS;Ingestão de álcool pelo condutor;Colisão traseira;Sem Vítimas;Plena Noite;Decrescente;Chuva;Múltipla;Reta;Sim;2;2
472220;2022-09-04;domingo;01:30:00;SP;116;224.0;GUARULHOS;Ingestão de álcool e/ou substâncias psicoativas pelo pedestre;Colisão traseira;Sem Vítimas;Plena Noite;Decrescente;Céu Claro;Múltipla;Reta;Sim;2;2
472284;2022-09-04;domingo;14:40:00;SP;116;221.0;GUARULHOS;Velocidade Incompatível;Saída de leito carroçável;Com Vítimas Feridas;Pleno dia;Crescente;Céu Claro;Múltipla;Reta;Sim;4;1
472369;2022-09-04;domingo;21:40:00;SP;116;200.0;ARUJA;Acesso irregular;Queda de ocupante de veículo;Com Vítimas Feridas;Plena Noite;Crescente;Nevoeiro/Neblina;Simples;Reta;Não;1;1
472389;2022-09-04;domingo;22:40:00;SP;116;229.0;SAO PAULO;Velocidade Incompatível;Tombamento;Com Vítimas Feridas;Plena Noite;Crescente;Ignorado;Múltipla;Reta;Sim;2;1
472522;2022-09-05;segunda-feira;08:15:00;SP;116;206.0;GUARULHOS;Ausência de reação do condutor;Colisão traseira;Sem Vítimas;Pleno dia;Crescente;Céu Claro;Múltipla;Reta;Sim;2;2
472545;2022-09-05;segunda-feira;09:48:00;SP;116;137.0;SAO JOSE DOS CAMPOS;Manobra de mudança de faixa;Colisão lateral sentido oposto;Com Vítimas Feridas;Pleno dia;Crescente;Céu Claro;Dupla;Reta;Sim;2;2
472687;2022-09-06;terça-feira;06:30:00;SP;116;225.0;GUARULHOS;Trafegar com motocicleta (ou similar) entre as faixas;Colisão lateral mesmo sentido;Com Vítimas Feridas;Pleno dia;Crescente;Nublado;Múltipla;Reta;Sim;3;2
472690;2022-09-06;terça-feira;07:30:00;SP;116;208.0;GUARULHOS;Condutor deixou de manter distância do veículo da frente;Colisão traseira;Com Vítimas Feridas;Pleno dia;Crescente;Céu Claro;Dupla;Reta;Sim;1;1
472728;2022-09-06;terça-feira;10:25:00;SP;116;142.0;SAO JOSE DOS CAMPOS;Condutor deixou de manter distância do veículo da frente;Colisão traseira;Com Vítimas Feridas;Pleno dia;Crescente;Céu Claro;Múltipla;Reta;Sim;3;2
472750;2022-07-09;sábado;16:50:00;SP;116;121.0;CACAPAVA;Ausência de reação do condutor;Colisão com objeto;Com Vítimas Feridas;Pleno dia;Crescente;Céu Claro;Dupla;Reta;Não;5;4
472789;2022-09-06;terça-feira;17:50:00;SP;116;150.0;SAO JOSE DOS CAMPOS;Condutor deixou de manter distância do veículo da frente;Colisão traseira;Com Vítimas Feridas;Anoitecer;Crescente;Céu Claro;Dupla;Reta;Sim;2;2
472857;2022-09-06;terça-feira;22:55:00;SP;116;216.0;GUARULHOS;Acessar a via sem observar a presença dos outros veículos;Atropelamento de Pedestre;Com Vítimas Fatais;Plena Noite;Crescente;Garoa/Chuvisco;Dupla;Desvio Temporário;Sim;2;1
472895;2022-09-07;quarta-feira;06:47:00;SP;116;158.0;JACAREI;Objeto estático sobre o leito carroçável;Colisão com objeto;Com Vítimas Feridas;Pleno dia;Crescente;Céu Claro;Simples;Retorno Regulamentado;Não;1;1
473234;2022-09-09;sexta-feira;05:15:00;SP;116;206.0;GUARULHOS;Velocidade Incompatível;Saída de leito carroçável;Com Vítimas Feridas;Pleno dia;Crescente;Nublado;Dupla;Reta;Sim;1;1
473265;2022-09-09;sexta-feira;08:40:00;SP;116;146.0;SAO JOSE DOS CAMPOS;Condutor deixou de manter distância do veículo da frente;Colisão traseira;Sem Vítimas;Pleno dia;Crescente;Céu Claro;Dupla;Desvio Temporário;Sim;3;3
473317;2022-09-09;sexta-feira;13:45:00;SP;116;220.0;GUARULHOS;Acessar a via sem observar a presença dos outros veículos;Colisão transversal;Sem Vítimas;Pleno dia;Decrescente;Céu Claro;Múltipla;Reta;Sim;2;2
473342;2022-09-09;sexta-feira;15:50:00;SP;116;229.0;SAO PAULO;Reação tardia ou ineficiente do condutor;Colisão traseira;Com Vítimas Feridas;Pleno dia;Decrescente;Céu Claro;Múltipla;Reta;Sim;4;2
473348;2022-08-12;sexta-feira;21:10:00;SP;116;227.0;GUARULHOS;Reação tardia ou ineficiente do condutor;Colisão traseira;Com Vítimas Feridas;Plena Noite;Decrescente;Nublado;Múltipla;Reta;Sim;2;2
473375;2022-09-09;sexta-feira;18:50:00;SP;116;221.0;GUARULHOS;Reação tardia ou ineficiente do condutor;Colisão traseira;Com Vítimas Feridas;Plena Noite;Decrescente;Céu Claro;Múltipla;Reta;Sim;4;2
473385;2022-09-09;sexta-feira;20:00:00;SP;116;207.0;GUARULHOS;Pedestre andava na pista;Atropelamento de Pedestre;Com Vítimas Fatais;Plena Noite;Crescente;Céu Claro;Múltipla;Reta;Sim;3;1
473457;2022-09-10;sábado;06:19:00;SP;116;126.0;CACAPAVA;Acesso irregular;Colisão com objeto;Sem Vítimas;Pleno dia;Crescente;Céu Claro;Simples;Interseção de vias;Sim;1;1
473484;2022-09-10;sábado;10:00:00;SP;116;117.0;TAUBATE;Reação tardia ou ineficiente do condutor;Colisão traseira;Com Vítimas Feridas;Pleno dia;Decrescente;Céu Claro;Dupla;Reta;Sim;2;2
473512;2022-09-10;sábado;13:59:00;SP;116;217.0;GUARULHOS;Velocidade Incompatível;Queda de ocupante de veículo;Com Vítimas Feridas;Pleno dia;Decrescente;Céu Claro;Múltipla;Reta;Sim;2;1
473534;2022-09-10;sábado;15:45:00;SP;116;210.0;GUARULHOS;Manobra de mudança de faixa;Colisão lateral mesmo sentido;Com Vítimas Feridas;Pleno dia;Crescente;Céu Claro;Múltipla;Reta;Sim;3;2
473546;2022-09-10;sábado;17:00:00;SP;116;196.5;SANTA ISABEL;Demais falhas mecânicas ou elétricas;Queda de ocupante de veículo;Com Vítimas Feridas;Pleno dia;Crescente;Céu Claro;Dupla;Reta;Não;2;1
473669;2022-09-11;domingo;03:50:00;SP;116;221.0;GUARULHOS;Ausência de reação do condutor;Colisão traseira;Com Vítimas Feridas;Plena Noite;Decrescente;Céu Claro;Múltipla;Reta;Sim;4;1
473787;2022-09-11;domingo;14:30:00;SP;116;104.0;TAUBATE;Condutor deixou de manter distância do veículo da frente;Colisão traseira;Sem Vítimas;Pleno dia;Crescente;Céu Claro;Dupla;Reta;Não;3;2
473913;2022-09-12;segunda-feira;07:05:00;SP;116;116.3;TAUBATE;Condutor deixou de manter distância do veículo da frente;Colisão traseira;Com Vítimas Feridas;Pleno dia;Crescente;Nublado;Dupla;Reta;Não;2;2
473945;2022-09-12;segunda-feira;11:30:00;SP;116;227.0;SAO PAULO;Manobra de mudança de faixa;Colisão traseira;Com Vítimas Feridas;Pleno dia;Decrescente;Nublado;Simples;Curva;Sim;2;2
473981;2022-09-12;segunda-feira;15:35:00;SP;116;106.8;TAUBATE;Demais falhas mecânicas ou elétricas;Incêndio;Sem Vítimas;Pleno dia;Decrescente;Nublado;Dupla;Reta;Não;1;1
473983;2022-09-12;segunda-feira;16:15:00;SP;116;145.0;SAO JOSE DOS CAMPOS;Ausência de reação do condutor;Colisão traseira;Com Vítimas Feridas;Pleno dia;Crescente;Nublado;Dupla;Reta;Sim;2;2
474109;2022-09-12;segunda-feira;19:00:00;SP;116;228.0;SAO PAULO;Reação tardia ou ineficiente do condutor;Colisão lateral mesmo sentido;Com Vítimas Feridas;Plena Noite;Crescente;Garoa/Chuvisco;Múltipla;Reta;Sim;3;2
474112;2022-09-13;terça-feira;07:10:00;SP;116;219.0;GUARULHOS;Acessar a via sem observar a presença dos outros veículos;Colisão traseira;Com Vítimas Feridas;Pleno dia;Crescente;Nublado;Múltipla;Reta;Sim;3;2
474210;2022-09-13;terça-feira;17:45:00;SP;116;223.0;GUARULHOS;Trafegar com motocicleta (ou similar) entre as faixas;Capotamento;Com Vítimas Feridas;Plena Noite;Decrescente;Céu Claro;Múltipla;Reta;Sim;2;1
474273;2022-09-14;quarta-feira;06:35:00;SP;116;215.0;GUARULHOS;Reação tardia ou ineficiente do condutor;Tombamento;Com Vítimas Feridas;Pleno dia;Crescente;Céu Claro;Múltipla;Reta;Sim;1;1
474280;2022-09-14;quarta-feira;03:00:00;SP;116;143.1;SAO JOSE DOS CAMPOS;Ingestão de álcool pelo condutor;Colisão com objeto;Sem Vítimas;Plena Noite;Decrescente;Nublado;Dupla;Reta;Sim;1;1
474292;2022-09-14;quarta-feira;08:20:00;SP;116;217.0;GUARULHOS;Reação tardia ou ineficiente do condutor;Colisão lateral mesmo sentido;Com Vítimas Feridas;Pleno dia;Crescente;Chuva;Múltipla;Não Informado;Sim;3;3
474342;2022-09-14;quarta-feira;12:15:00;SP;116;200.0;ARUJA;Entrada inopinada do pedestre;Atropelamento de Pedestre;Com Vítimas Feridas;Pleno dia;Decrescente;Nublado;Múltipla;Reta;Sim;2;1
474390;2022-09-14;quarta-feira;17:15:00;SP;116;216.0;GUARULHOS;Ausência de reação do condutor;Colisão traseira;Com Vítimas Feridas;Anoitecer;Decrescente;Garoa/Chuvisco;Múltipla;Desvio Temporário;Sim;2;2
474417;2022-09-14;quarta-feira;19:50:00;SP;116;224.0;GUARULHOS;Pista Escorregadia;Queda de ocupante de veículo;Com Vítimas Feridas;Plena Noite;Decrescente;Chuva;Dupla;Reta;Sim;3;2
474424;2022-09-14;quarta-feira;19:30:00;SP;116;169.0;JACAREI;Ausência de reação do condutor;Colisão com objeto;Com Vítimas Feridas;Plena Noite;Decrescente;Garoa/Chuvisco;Dupla;Reta;Sim;1;1
474443;2022-09-14;quarta-feira;22:25:00;SP;116;227.9;SAO PAULO;Reação tardia ou ineficiente do condutor;Colisão com objeto;Com Vítimas Feridas;Plena Noite;Decrescente;Chuva;Múltipla;Não Informado;Sim;26;1
474471;2022-09-15;quinta-feira;05:30:00;SP;116;99.4;PINDAMONHANGABA;Ausência de reação do condutor;Colisão traseira;Com Vítimas Feridas;Plena Noite;Decrescente;Nublado;Dupla;Reta;Não;2;2
474484;2022-09-15;quinta-feira;05:20:00;SP;116;158.0;JACAREI;Acumulo de areia ou detritos sobre o pavimento;Colisão com objeto;Sem Vítimas;Amanhecer;Crescente;Garoa/Chuvisco;Dupla;Reta;Sim;4;2
474494;2022-09-15;quinta-feira;08:30:00;SP;116;143.0;SAO JOSE DOS CAMPOS;Manobra de mudança de faixa;Colisão lateral mesmo sentido;Com Vítimas Feridas;Pleno dia;Crescente;Chuva;Dupla;Reta;Sim;2;2
474556;2022-09-15;quinta-feira;15:50:00;SP;116;146.0;SAO JOSE DOS CAMPOS;Acumulo de areia ou detritos sobre o pavimento;Queda de ocupante de veículo;Com Vítimas Feridas;Pleno dia;Crescente;Garoa/Chuvisco;Múltipla;Curva;Sim;2;1
474598;2022-09-15;quinta-feira;20:15:00;SP;116;217.0;GUARULHOS;Ausência de reação do condutor;Colisão traseira;Com Vítimas Feridas;Plena Noite;Crescente;Céu Claro;Múltipla;Reta;Sim;5;3
474654;2022-09-16;sexta-feira;06:30:00;SP;116;215.0;GUARULHOS;Ausência de reação do condutor;Colisão traseira;Com Vítimas Feridas;Pleno dia;Decrescente;Garoa/Chuvisco;Múltipla;Reta;Sim;2;2
474722;2022-09-16;sexta-feira;13:45:00;SP;116;214.0;GUARULHOS;Acessar a via sem observar a presença dos outros veículos;Queda de ocupante de veículo;Com Vítimas Feridas;Pleno dia;Decrescente;Céu Claro;Múltipla;Reta;Não;1;1
474731;2022-09-16;sexta-feira;13:45:00;SP;116;223.0;GUARULHOS;Condutor deixou de manter distância do veículo da frente;Colisão traseira;Com Vítimas Feridas;Pleno dia;Crescente;Nublado;Múltipla;Reta;Sim;2;2
474733;2022-09-16;sexta-feira;14:30:00;SP;116;215.0;GUARULHOS;Demais falhas na via;Tombamento;Com Vítimas Feridas;Pleno dia;Crescente;Nublado;Múltipla;Reta;Sim;1;1
474869;2022-09-17;sábado;02:10:00;SP;116;221.0;GUARULHOS;Reação tardia ou ineficiente do condutor;Colisão traseira;Sem Vítimas;Plena Noite;Decrescente;Céu Claro;Múltipla;Reta;Sim;3;3
474965;2022-09-17;sábado;13:40:00;SP;116;217.0;GUARULHOS;Reação tardia ou ineficiente do condutor;Queda de ocupante de veículo;Com Vítimas Feridas;Pleno dia;Decrescente;Céu Claro;Dupla;Reta;Sim;1;1
475095;2022-09-18;domingo;00:10:00;SP;116;140.0;SAO JOSE DOS CAMPOS;Condutor deixou de manter distância do veículo da frente;Incêndio;Sem Vítimas;Plena Noite;Decrescente;Céu Claro;Dupla;Reta;Sim;2;1
475127;2022-09-18;domingo;06:00:00;SP;116;107.0;TAUBATE;Condutor deixou de manter distância do veículo da frente;Colisão traseira;Com Vítimas Feridas;Pleno dia;Decrescente;Céu Claro;Simples;Reta;Sim;2;2
475131;2022-09-18;domingo;06:20:00;SP;116;200.0;ARUJA;Frear bruscamente;Engavetamento;Com Vítimas Feridas;Pleno dia;Decrescente;Sol;Múltipla;Reta;Sim;7;6
475135;2022-09-18;domingo;06:05:00;SP;116;124.0;CACAPAVA;Ausência de reação do condutor;Capotamento;Com Vítimas Feridas;Pleno dia;Decrescente;Céu Claro;Dupla;Reta;Sim;3;1
475140;2022-09-18;domingo;07:00:00;SP;116;223.0;GUARULHOS;Reação tardia ou ineficiente do condutor;Colisão traseira;Sem Vítimas;Pleno dia;Decrescente;Céu Claro;Múltipla;Reta;Sim;1;1
475151;2022-09-18;domingo;06:55:00;SP;116;142.0;SAO JOSE DOS CAMPOS;Ausência de reação do condutor;Saída de leito carroçável;Com Vítimas Feridas;Pleno dia;Decrescente;Céu Claro;Dupla;Reta;Sim;1;1
475255;2022-09-18;domingo;18:00:00;SP;116;210.0;GUARULHOS;Condutor deixou de manter distância do veículo da frente;Colisão lateral mesmo sentido;Com Vítimas Feridas;Anoitecer;Crescente;Céu Claro;Múltipla;Não Informado;Sim;3;2
475292;2022-09-18;domingo;18:08:00;SP;116;145.0;SAO JOSE DOS CAMPOS;Ausência de reação do condutor;Queda de ocupante de veículo;Com Vítimas Feridas;Plena Noite;Decrescente;Céu Claro;Dupla;Reta;Não;1;1
475389;2022-09-19;segunda-feira;07:40:00;SP;116;227.0;SAO PAULO;Manobra de mudança de faixa;Colisão lateral mesmo sentido;Com Vítimas Feridas;Pleno dia;Crescente;Céu Claro;Múltipla;Reta;Não;2;2
475470;2022-09-19;segunda-feira;17:00:00;SP;116;227.0;SAO PAULO;Condutor deixou de manter distância do veículo da frente;Engavetamento;Com Vítimas Feridas;Pleno dia;Crescente;Céu Claro;Múltipla;Reta;Sim;6;6
475475;2022-09-19;segunda-feira;17:00:00;SP;116;209.0;GUARULHOS;Obstrução na via;Eventos atípicos;Com Vítimas Feridas;Pleno dia;Crescente;Nublado;Múltipla;Reta;Não;1;1
475585;2022-09-20;terça-feira;11:00:00;SP;116;229.0;SAO PAULO;Ausência de reação do condutor;Colisão traseira;Com Vítimas Feridas;Pleno dia;Crescente;Nublado;Múltipla;Reta;Sim;2;2
475614;2022-09-20;terça-feira;15:05:00;SP;116;210.0;GUARULHOS;Condutor deixou de manter distância do veículo da frente;Colisão traseira;Com Vítimas Feridas;Pleno dia;Decrescente;Céu Claro;Múltipla;Reta;Sim;2;2
475645;2022-09-20;terça-feira;17:47:00;SP;116;153.5;SAO JOSE DOS CAMPOS;Reação tardia ou ineficiente do condutor;Colisão traseira;Com Vítimas Feridas;Anoitecer;Crescente;Céu Claro;Múltipla;Reta;Sim;3;2
475650;2022-09-20;terça-feira;18:15:00;SP;116;148.8;SAO JOSE DOS CAMPOS;Manobra de mudança de faixa;Colisão traseira;Com Vítimas Feridas;Plena Noite;Crescente;Céu Claro;Dupla;Reta;Não;3;3